{
    "Sample City": {
        "name": "Sample City",
        "inttur": 0.7087476434760682,
        "ano_fundacao": 2018,
        "idh": 0.75,
        "exvida": 75,
        "fluxoesc": 0.6,
        "renda": 1200,
        "doenca_escolhida": "Rub\u00e9ola",
        "classificacao": "Vila",
        "t": 0,
        "pop": 1000,
        "taxresid": 0.15,
        "taxrural": 0.15,
        "taxind": 0.15,
        "taxcomer": 0.15,
        "fatrural": 0.9,
        "fatind": 0.05,
        "fatcomer": 0.05,
        "invsaude": 100000,
        "invesc": 100000,
        "invtur": 100000,
        "invcomer": 100000,
        "invref": 100000,
        "invpesq": 100000,
        "invtotal": 600000,
        "epid": 0,
        "escadulto": 0.7,
        "escola": [],
        "popul": [],
        "epid_last": 0,
        "fat": 491379.13890780404,
        "imptotal": 183685.48604180853,
        "cofre": 1183685.4860418085
    }
}
