{
    "Utopia": {
        "name": "Utopia",
        "inttur": 2,
        "ano_fundacao": 2018,
        "idh": 0.6860347179960096,
        "exvida": 63.38488094842782,
        "fluxoesc": 0.6202501289857617,
        "renda": 838.0789337891891,
        "doenca_escolhida": "Rub\u00e9ola",
        "classificacao": "Vila",
        "t": 5,
        "pop": 13390,
        "taxresid": 0.15,
        "taxrural": 0.15,
        "taxind": 0.15,
        "taxcomer": 0.15,
        "fatrural": 1.0,
        "fatind": 0.0,
        "fatcomer": 0.0,
        "invsaude": 100000,
        "invesc": 100000,
        "invtur": 100000,
        "invcomer": 100000,
        "invref": 100000,
        "invpesq": 100000,
        "invtotal": 600000,
        "epid": 0,
        "escadulto": 0.8,
        "escola": [
            100000,
            100000,
            100000,
            100000,
            100000,
            100000,
            100000,
            100000,
            100000,
            100000,
            100000,
            100000,
            100000,
            100000,
            100000,
            100000,
            100000
        ],
        "popul": [
            1000,
            1395,
            5003,
            11339,
            11515,
            1000,
            3336,
            5004,
            8766,
            9412,
            9690,
            11967,
            13903,
            15861,
            14890,
            17969,
            22377
        ],
        "epid_last": 0,
        "fat": 10141588.649304364,
        "imptotal": 2968810.1357830316,
        "cofre": 6125941.149749776
    },
    "Sample City": {
        "name": "Sample City",
        "inttur": 0.7087476434760682,
        "ano_fundacao": 2018,
        "idh": 0.75,
        "exvida": 75,
        "fluxoesc": 0.6,
        "renda": 1200,
        "doenca_escolhida": "Rub\u00e9ola",
        "classificacao": "Vila",
        "t": 0,
        "pop": 1000,
        "taxresid": 0.15,
        "taxrural": 0.15,
        "taxind": 0.15,
        "taxcomer": 0.15,
        "fatrural": 0.9,
        "fatind": 0.05,
        "fatcomer": 0.05,
        "invsaude": 100000,
        "invesc": 100000,
        "invtur": 100000,
        "invcomer": 100000,
        "invref": 100000,
        "invpesq": 100000,
        "invtotal": 600000,
        "epid": 0,
        "escadulto": 0.7,
        "escola": [],
        "popul": [],
        "epid_last": 0,
        "fat": 491379.13890780404,
        "imptotal": 183685.48604180853,
        "cofre": 1183685.4860418085
    }
}